INSERT INTO pessoa (nome, numero, rua, cep, bairro, cidade, estado) VALUES
('Ricardo Orcelio Mira Oliveira', 292, 'Avenida Luiz Dalla Bernardina', '29110-923', 'José de Anchieta III', 'Joao Neiva', 'RO'),
('Ricardo Santos Feitosa Filho', 63, 'Avenida ESCELSA', '29884-296', 'São Benedito', 'Castelo', 'AM'),
('Rita De Cassia Coelho Moscateli Franco', 298, 'Beco São Domingos', '29708-461', 'Diamantina', 'Venda Nova do Imigrante', 'PR'),
('Rita De Cassia Manoini Porto', 1418, 'Avenida Antônio Dias', '29981-125', 'Redenção', 'Iconha', 'PE'),
('Roberta Meloto Rinco', 371, 'Avenida Acesso Rodoviário', '29590-225', 'Nova Carapina II', 'Baixo Guandu', 'PI'),
('Robson Alves Teixeira', 1097, 'Avenida Monte Carmelo', '29059-348', 'Bela Vista', 'Afonso Claudio', 'MS'),
('Rodrigo augusto baquesqui cabral', 1005, 'Avenida Colatina', '29559-544', 'Parque Moscoso', 'Ibatiba', 'MA'),
('Rodrigo Camia', 1247, 'Beco São Marcos', '29249-634', 'Cidade Continental-Setor América', 'Afonso Claudio', 'GO'),
('Rodrigo De Brito Oliveira', 1399, 'Avenida São João Batista', '29738-206', 'Monte Belo', 'Apiaca', 'MT'),
('Rodrigo Drago De Fre Pereira', 1231, 'Alameda Joaquim Nabuco', '29373-260', 'Bento Ferreira', 'Barra de Sao Francisco', 'CE'),
('Rogerio Coimbra Pereira', 840, 'Avenida Virgínia Mallini Ramos', '29175-976', 'Serra Dourada II', 'Guarapari', 'PA'),
('Rogerio Rodrigues Maciel', 257, 'Avenida José Martins M Rato', '29659-112', 'Continental', 'Itaguacu', 'MG'),
('Rogerio Silvestre', 968, 'Avenida São Paulo', '29055-914', 'Jardim Guanabara', 'Nova Venecia', 'AM'),
('Rogerio Teixeira Lima', 477, 'Beco São Marcos', '29859-359', 'Santa Clara', 'Agua Doce do Norte', 'PR'),
('Rosaldo Hilgenberg', 55, 'Avenida Jones dos Santos Neves', '29718-042', 'Santa Rita de Cássia', 'Ibatiba', 'GO'),
('Rosana Ribeiro', 1495, 'Beco Sete Estrelas', '29641-049', 'Boa Vista I', 'Marechal Floriano', 'RR'),
('Roseli Rodrigues Maceni', 1743, 'Avenida José Carlos Favalessa', '29984-051', 'Parque Moscoso', 'Dores do Rio Preto', 'AP'),
('Rosilda De Jesus Ribeiro Alves', 1217, 'Avenida Domingos Martins', '29104-173', 'Santo André', 'Dores do Rio Preto', 'DF'),
('Rudá Pinto De Andrade', 182, 'Avenida João Palácios', '29214-868', 'Vila Nova de Colares', 'Viana', 'MG'),
('Samila Cavalcante Lages', 1187, 'Avenida Paulo Miguel Bohomoletz', '29371-762', 'Antônio Honório', 'Barra de Sao Francisco', 'MA'),
('Samir Gazzal Bannout', 518, 'Beco do Cemintério', '29711-410', 'Estrelinha', 'Muniz Freire', 'SC'),
('Samira Rodrigues Santos', 211, 'Avenida São Paulo', '29152-527', 'Praia de Capuba', 'Muqui', 'RJ'),
('Sandra Alves Dos Santos', 1311, 'Avenida Japão', '29951-238', 'Ariovaldo Favalessa', 'Muniz Freire', 'AC'),
('Sandro Martins Pianowski', 520, 'Beco José Grijó', '29653-566', 'Maria Niobe', 'Baixo Guandu', 'RJ'),
('Sara Cristina De Oliveira', 613, 'Avenida Dom João Batista', '29901-055', 'Goiabeiras', 'Viana', 'RO'),
('Sarah Galli Rodrigues', 153, 'Avenida Cachoeiro de Itapemirim', '29933-710', 'Jardim Camburi', 'Irupi', 'RJ'),
('Sergio De Melo Costa', 1295, 'Avenida Santa Luzia', '29648-046', 'Ariovaldo Favalessa', 'Afonso Claudio', 'RJ'),
('Shamir Isaac Veroneze Daleck', 1784, 'Avenida Getúlio Vargas', '29132-777', 'São Pedro', 'Itaguacu', 'MG'),
('Sharon Hellen Tracz', 73, 'Avenida Nossa Senhora da Penha', '29926-567', 'Bicanga', 'Nova Venecia', 'AC'),
('Sheila Moreira Da Silva Oliveira', 381, 'Beco São Cristovão', '29311-978', 'Romão', 'Conceicao da Barra', 'PR'),
('Sherre Prince Nelson', 1780, 'Avenida A', '29765-753', 'Santa Clara', 'Ecoporanga', 'BA'),
('Silas Aires Moraes', 596, 'Beco São Jorge II', '29473-278', 'Jardim Primavera', 'Marechal Floriano', 'RS'),
('Silmara Amorim Polydoro', 1188, 'Alameda Maria Damiana', '29444-893', 'Mata da Serra', 'Serra', 'AL'),
('Silvana Dias De Moraes', 884, 'Avenida Campos', '29650-870', 'Cruzamento', 'Marataizes', 'RJ'),
('Silvana Gimenes Gallinari', 534, 'Avenida Paulo Pereira Gomes', '29809-034', 'Nossa Senhora da Conceição', 'Guacui', 'SC'),
('Silvania Maria Sena Matos', 1862, 'Avenida Desembargador Cassiano Castelo', '29170-359', 'São João', 'Ibiracu', 'RJ'),
('Silvia Rodrigues Da Silva', 304, 'Avenida Gramsci', '29976-162', 'Fonte Grande', 'Atilio Vivacqua', 'RJ'),
('Silvio Mori Neto', 1659, 'Beco do Sossego', '29964-751', 'Comunidades da Sede', 'Ecoporanga', 'ES'),
('Simone Da Luz Pereira', 985, 'Avenida Nossa Senhora da Penha', '29641-379', 'Segurança do Lar', 'Pedro Canario', 'SC'),
('Simone Luiz Hatakeyama', 1635, 'Avenida Desembargador Mário da Silva Nunes', '29495-372', 'Laranjeiras Velha', 'Vargem Alta', 'RN'),
('Simone Mendes Garcia', 1676, 'Avenida Monte Líbano', '29824-222', 'Ilha do Boi', 'Piuma', 'ES'),
('Solange Strachorski', 1033, 'Avenida Interventor Bley', '29536-852', 'Caçaroca', 'Brejetuba', 'BA'),
('Suelen Larissa Izaias', 873, 'Avenida Monlevade', '29864-965', 'Praia do Suá', 'Marilandia', 'AL'),
('Sumaya Dos Reis Jaramillo', 1042, 'Beco Quatro', '29035-503', 'Parque das Gaivotas', 'Conceicao do Castelo', 'AP'),
('Sylvia Souza Forsberg', 1403, 'Avenida Padre Gabriel Maire', '29447-053', 'Castelândia', 'Ecoporanga', 'AC'),
('Sylviane Medina Tinôco', 1293, 'Avenida Antônio Azevedo Rodrigues', '29368-267', 'Chácara Parreiral', 'Domingos Martins', 'PI'),
('Tadeu Felipe Cruz Dias', 887, 'Avenida Valadares', '29549-449', 'Costa Dourada', 'Sao Domingos do Norte', 'ES'),
('Talita Borba Bruno', 1854, 'Avenida Anápolis', '29571-720', 'da Penha', 'Marechal Floriano', 'TO'),
('Tamirys Costa Rodrigues Pires', 900, 'Beco da Paz', '29760-065', 'Horto', 'Vitoria', 'AC'),
('Tania Cristina De Almeida', 1486, 'Avenida dos Lagos', '29809-472', 'Serramar', 'Marilandia', 'CE'),
('Tatiana Landuche Da Silva May', 653, 'Beco São Marcos', '29413-245', 'Fradinhos', 'Apiaca', 'AP'),
('Tatiana Magalhães Leite De Sá', 1057, 'Beco Santo Antônio', '29430-084', 'Barcelona', 'Santa Teresa', 'AL'),
('Tatiane Maria Araujo', 195, 'Avenida Honolulu', '29565-417', 'Jardim Atlântico', 'Laranja da Terra', 'BA'),
('Tatiane Medina Oliveira', 110, 'Avenida Petrônio Portela', '29979-149', 'Cidade Continental-Setor África', 'Conceicao do Castelo', 'PE'),
('Thatiana Ciriaco Miyashiro', 1925, 'Avenida Zanotti', '29949-916', 'Santa Tereza', 'Guarapari', 'AP'),
('Thayran Scavuzzi', 868, 'Avenida Nogueira', '29258-298', 'Castelândia', 'Domingos Martins', 'RR'),
('Thenyson Dewey Moreira', 862, 'Avenida Coronel Manoel Nunes', '29164-580', 'Resistência', 'Vitoria', 'RN'),
('Thiago Akira Ferreira', 1131, 'Alameda Soldado Eli Pereira', '29846-750', 'Campinho da Serra I', 'Vargem Alta', 'DF'),
('Thiago De Aguiar Da Costa', 1030, 'Avenida Nossa Senhora da Penha', '29904-833', 'Serramar', 'Agua Doce do Norte', 'PB'),
('Thiago Galvanin', 1395, 'Avenida Almir Cruz Amorim', '29697-631', 'Nova Zelândia', 'Mucurici', 'AP'),
('Thiago Moreno Ibrahi Iskandar', 1159, 'Avenida Leopoldina', '29907-666', 'Marbella', 'Nova Venecia', 'CE'),
('Thiago Rubbo Garcia', 416, 'Avenida Antônio Dias', '29872-422', 'Santa Cecília', 'Pinheiros', 'PR'),
('Thiago Santos Oliveira Dos Reis', 626, 'Beco Santo Agostinho', '29180-718', 'Santo Antônio', 'Itapemirim', 'TO'),
('Thiago Soares Cabeleira', 407, 'Beco Alfredo Couto Teixeira', '29469-771', 'Jardim da Serra', 'Ibiracu', 'MS'),
('Thiago Verderramas Olivette Medina', 652, 'Avenida Doutor Naly da Encarnação Miranda', '29530-734', 'Boa Vista', 'Vargem Alta', 'SE'),
('Thuany Alves Silva', 864, 'Avenida Castro Alves', '29274-271', 'do Quadro', 'Serra', 'AL'),
('Tiago Piccirilli Stefani', 1763, 'Avenida Contorno', '29254-543', 'São Patrício', 'Conceicao do Castelo', 'AP'),
('Tiago Piovesan Balestrini', 1786, 'Beco Sagrada Família', '29063-180', 'Santa Luzia', 'Cariacica', 'TO'),
('Tiago Takeshi Shimabukuro', 864, 'Avenida Campos', '29529-877', 'Maruípe', 'Iconha', 'AC'),
('Valdir Messias Da Rosa', 1125, 'Beco da Paz', '29710-094', 'São João', 'Pinheiros', 'RR'),
('Valéria Gomes Da Silva', 308, 'Avenida Espírito Santo', '29044-985', 'São João', 'Jaguare', 'RS'),
('Valeria Monteiro De Melo', 523, 'Avenida Augusto Ruschi', '29076-284', 'Barro Vermelho', 'Fundao', 'DF'),
('Valeria Rodrigues Carlini', 1176, 'Avenida Minas Gerais', '29486-214', 'Feu Rosa', 'Ibiracu', 'SE'),
('Valquiria Neves', 1434, 'Avenida Petrópolis', '29874-335', 'Fonte Grande', 'Vargem Alta', 'GO'),
('Vanderlei De Souza Santana', 820, 'Avenida Argentina', '29798-698', 'Parque Santa Fé', 'Guarapari', 'CE'),
('Vanessa Brito Silva', 856, 'Avenida São Paulo', '29226-140', 'Bento Ferreira', 'Anchieta', 'TO'),
('Vanessa Cristina Ribas', 183, 'Avenida Cassimiro Castelo', '29620-343', 'Comunidades da Sede', 'Vila Pavao', 'AM'),
('Vanessa Fontenele Monteiro', 1805, 'Avenida Pelotas', '29265-755', 'Taquara I', 'Domingos Martins', 'SE'),
('Vanessa Gomes Moreno', 536, 'Beco São Luiz', '29132-058', 'José de Anchieta III', 'Jaguare', 'AM'),
('Vanessa Teixeira Arruda', 445, 'Avenida Coronel Manoel Nunes', '29550-133', 'Palmeiras', 'Alto Rio Novo', 'MS'),
('Vera De Jesus Dos Santos', 376, 'Escadaria Dois Poderes', '29377-487', 'Colina de Laranjeiras', 'Iuna', 'MG'),
('Vera Lucia Pereira De Lemos', 216, 'Avenida Montes Claros', '29318-797', 'Serra Centro', 'Iuna', 'DF'),
('Victor Hugo Ribeiro', 1082, 'Avenida dos Lagos', '29555-990', 'Santos Reis', 'Sao Jose do Calcado', 'MS'),
('Victor Luiz De Oliveira Gomes', 1065, 'Avenida Albatroz', '29960-066', 'Solon Borges', 'Itapemirim', 'BA'),
('Victor Martins Da Silva', 1855, 'Avenida Perimetral', '29542-723', 'Residencial Vista do Mestre', 'Montanha', 'CE'),
('Victor Moreira Pimenta', 1364, 'Alameda Jorge Monteiro de Carvalho', '29650-342', 'Civit I', 'Santa Leopoldina', 'MS'),
('Vilma Aparecida Goncalves De Oliveira', 377, 'Alameda das Violetas', '29489-583', 'Nazareth', 'Barra de Sao Francisco', 'AP'),
('Vinicius Brambilla Alakaki', 1401, 'Avenida Nelson Mandela', '29976-847', 'Barro Branco', 'Sooretama', 'RS'),
('Vinicius Fracasso Gil', 1409, 'Avenida Gentila Frinhami Pereira', '29545-236', 'Parque Residencial Laranjeiras', 'Nova Venecia', 'MS'),
('Vitor Catani Francisco Antunes', 1976, 'Beco Dom Bosco', '29581-376', 'José de Anchieta', 'Mucurici', 'MA'),
('Vitor Da Rocha Oliveira', 887, 'Avenida Goiatuba', '29402-046', 'Nova Almeida Centro', 'Mimoso do Sul', 'GO'),
('Vitor Hugo Silva Neia', 1209, 'Avenida Minas Gerais', '29589-753', 'Praia de Carapebus', 'Brejetuba', 'TO'),
('Vitor Maia Ceolin', 1800, 'Beco Tancredo Neves', '29376-625', 'Centro', 'Sooretama', 'AC'),
('Vitor Matheus Morais Puschmann', 1058, 'Avenida Durval Aguiar Franco', '29389-780', 'Castelândia', 'Alfredo Chaves', 'RJ'),
('Vittor Vinicius Marcassa De Vitto', 1813, 'Avenida Metropolitano', '29041-167', 'Santos Reis', 'Ponto Belo', 'MG'),
('Vivian Carvalho Souza', 872, 'Avenida Pau Verde', '29469-309', 'Planalto Serrano Bloco B', 'Marilandia', 'CE'),
('Vivian Cristina Fogolin Provencali', 970, 'Avenida Presidente Vargas', '29342-497', 'Maria Ortiz', 'Vargem Alta', 'AM'),
('Vivian Shapiro Rozenfeld', 985, 'Avenida Jabuticaba', '29789-832', 'Marbella', 'Venda Nova do Imigrante', 'MT'),
('Viviane De Morais Silva', 989, 'Avenida Jones dos Santos Neves', '29965-783', 'República', 'Ecoporanga', 'PB'),
('Viviane Ribeiro Da Rosa', 1950, 'Beco Alves Ramalho', '29955-383', 'Nova Almeida Centro', 'Guarapari', 'PI');

 INSERT INTO contato (descricao, tipo, fk_pessoa) VALUES
('(61) 3302-7868', 'telefone', 501),
('(32) 3093-0271', 'telefone', 501),
('(44) 3239-3000', 'telefone', 501),
('ricardo-omo116@protonmail.com', 'email', 501),
('(95) 3775-3922', 'telefone', 502),
('ricardosff552@live.com', 'email', 502),
('(64) 99385-2379', 'celular', 503),
('rita_dccmf445@yahoo.com', 'email', 503),
('(82) 3399-4784', 'telefone', 504),
('(15) 3610-8416', 'telefone', 504),
('(99) 3093-4186', 'telefone', 504),
('rita-dcmp342@r7.com', 'email', 504),
('(65) 99709-3591', 'celular', 505),
('roberta.mr567@yahoo.com', 'email', 505),
('(74) 3036-0798', 'telefone', 506),
('(97) 3359-6669', 'telefone', 506),
('robson-at659@hushmail.com', 'email', 506),
('(77) 98546-6500', 'celular', 507),
('(91) 99372-1069', 'celular', 507),
('(24) 3395-8294', 'telefone', 507),
('rodrigo.abc44@protonmail.com', 'email', 507),
('(84) 3556-6857', 'telefone', 508),
('rodrigo_c562@hushmail.com', 'email', 508),
('(28) 3277-6063', 'telefone', 509),
('rodrigodbo325@hotmail.com', 'email', 509),
('(51) 99256-3942', 'celular', 510),
('(66) 3288-4597', 'telefone', 510),
('(74) 98061-1696', 'celular', 510),
('rodrigoddfp294@outlook.com', 'email', 510),
('(65) 99868-9916', 'celular', 511),
('rogerio-cp429@protonmail.com', 'email', 511),
('(11) 98469-8155', 'celular', 512),
('rogerio_rm639@live.com', 'email', 512),
('(13) 98980-7374', 'celular', 513),
('rogerio.s523@hushmail.com', 'email', 513),
('(15) 99002-9418', 'celular', 514),
('rogerio-tl43@yahoo.com', 'email', 514),
('(83) 3533-7652', 'telefone', 515),
('rosaldoh590@protonmail.com', 'email', 515),
('(43) 3400-9832', 'telefone', 516),
('(54) 98913-1900', 'celular', 516),
('rosana-r42@live.com', 'email', 516),
('(43) 99998-7380', 'celular', 517),
('roseli.rm288@live.com', 'email', 517),
('(63) 3097-5375', 'telefone', 518),
('rosilda-djra659@hushmail.com', 'email', 518),
('(87) 99718-0800', 'celular', 519),
('(73) 3981-3036', 'telefone', 519),
('(77) 99793-5295', 'celular', 519),
('ruda-pda218@yahoo.com', 'email', 519),
('(18) 3145-1342', 'telefone', 520),
('samila-cl52@yahoo.com', 'email', 520),
('(27) 98356-1959', 'celular', 521),
('(87) 98520-2916', 'celular', 521),
('samir_gb35@yahoo.com', 'email', 521),
('(47) 98452-4340', 'celular', 522),
('samira-rs490@hotmail.com', 'email', 522),
('(37) 3450-1211', 'telefone', 523),
('(71) 3378-5601', 'telefone', 523),
('sandra_ads539@yahoo.com', 'email', 523),
('(64) 3371-2351', 'telefone', 524),
('sandro_mp643@bol.com.br', 'email', 524),
('(99) 3968-7779', 'telefone', 525),
('(47) 99712-6808', 'celular', 525),
('sara_cdo627@hushmail.com', 'email', 525),
('(87) 99509-5286', 'celular', 526),
('sarah_gr264@r7.com', 'email', 526),
('(33) 3508-4671', 'telefone', 527),
('sergio-dmc528@fastmail.com', 'email', 527),
('(79) 3864-3010', 'telefone', 528),
('shamir-ivd305@live.com', 'email', 528),
('(48) 98362-9390', 'celular', 529),
('(31) 3722-3350', 'telefone', 529),
('(55) 3022-0462', 'telefone', 529),
('sharon.ht641@yahoo.com', 'email', 529),
('(75) 99300-9493', 'celular', 530),
('(37) 98727-7951', 'celular', 530),
('sheila-mdso456@bol.com.br', 'email', 530),
('(79) 3248-6501', 'telefone', 531),
('(66) 3775-1180', 'telefone', 531),
('sherre.pn226@live.com', 'email', 531),
('(98) 3389-6871', 'telefone', 532),
('silas_am411@fastmail.com', 'email', 532),
('(83) 99360-4961', 'celular', 533),
('silmara.ap10@outlook.com', 'email', 533),
('(11) 99891-0305', 'celular', 534),
('silvana_ddm619@hushmail.com', 'email', 534),
('(28) 3728-1108', 'telefone', 535),
('(14) 3073-7251', 'telefone', 535),
('(28) 99330-3458', 'celular', 535),
('silvana.gg281@fastmail.com', 'email', 535),
('(85) 99662-3200', 'celular', 536),
('(34) 98901-2966', 'celular', 536),
('silvania-msm124@icloud.com', 'email', 536),
('(82) 99684-8173', 'celular', 537),
('(27) 98681-7470', 'celular', 537),
('(45) 3544-7812', 'telefone', 537),
('silviards561@yahoo.com', 'email', 537),
('(18) 99803-0912', 'celular', 538),
('(99) 98663-3193', 'celular', 538),
('silvio-mn512@hotmail.com', 'email', 538),
('(24) 99971-7493', 'celular', 539),
('(41) 99895-9070', 'celular', 539),
('(67) 3735-4680', 'telefone', 539),
('simone_dlp451@icloud.com', 'email', 539),
('(67) 99320-9244', 'celular', 540),
('(75) 3794-7431', 'telefone', 540),
('(69) 98003-7346', 'celular', 540),
('simone-lh645@yahoo.com', 'email', 540),
('(79) 99796-2263', 'celular', 541),
('(85) 3881-6902', 'telefone', 541),
('simonemg175@hushmail.com', 'email', 541),
('(13) 3849-8002', 'telefone', 542),
('(24) 3023-2554', 'telefone', 542),
('solange.s579@gmail.com', 'email', 542),
('(43) 98103-6405', 'celular', 543),
('suelen.li255@gmail.com', 'email', 543),
('(11) 3043-6834', 'telefone', 544),
('(16) 99721-3517', 'celular', 544),
('(86) 99778-9068', 'celular', 544),
('sumaya.drj40@yahoo.com', 'email', 544),
('(32) 3079-9937', 'telefone', 545),
('(65) 3539-0008', 'telefone', 545),
('sylviasf440@gmail.com', 'email', 545),
('(85) 98807-7406', 'celular', 546),
('(95) 3220-0609', 'telefone', 546),
('(81) 98145-9203', 'celular', 546),
('sylviane_mt201@hotmail.com', 'email', 546),
('(43) 3860-7940', 'telefone', 547),
('(13) 99659-2064', 'celular', 547),
('(31) 99103-1989', 'celular', 547),
('tadeu.fcd260@live.com.br', 'email', 547),
('(13) 98060-2577', 'celular', 548),
('talitabb95@bol.com.br', 'email', 548),
('(88) 3209-7698', 'telefone', 549),
('(63) 99503-6864', 'celular', 549),
('(71) 99824-4826', 'celular', 549),
('tamirys.crp27@outlook.com', 'email', 549),
('(86) 98751-5780', 'celular', 550),
('(14) 98003-2294', 'celular', 550),
('(33) 99525-4073', 'celular', 550),
('tania_cda301@live.com', 'email', 550),
('(37) 3867-9371', 'telefone', 551),
('(95) 99994-6523', 'celular', 551),
('(47) 3415-6953', 'telefone', 551),
('tatiana.ldsm205@gmail.com', 'email', 551),
('(94) 3309-4584', 'telefone', 552),
('(33) 3022-6791', 'telefone', 552),
('(46) 98113-7899', 'celular', 552),
('tatiana.mlds595@outlook.com', 'email', 552),
('(71) 3652-8397', 'telefone', 553),
('(67) 3330-2730', 'telefone', 553),
('tatiane-ma553@protonmail.com', 'email', 553),
('(85) 3327-1012', 'telefone', 554),
('(24) 3441-6483', 'telefone', 554),
('(13) 98119-1087', 'celular', 554),
('tatiane.mo269@live.com', 'email', 554),
('(31) 98516-5176', 'celular', 555),
('thatiana_cm351@yahoo.com', 'email', 555),
('(87) 3975-8236', 'telefone', 556),
('(32) 99416-6275', 'celular', 556),
('thayrans402@outlook.com', 'email', 556),
('(86) 99908-8659', 'celular', 557),
('(21) 3252-6975', 'telefone', 557),
('(43) 3147-6880', 'telefone', 557),
('thenysondm170@hushmail.com', 'email', 557),
('(79) 99421-2840', 'celular', 558),
('thiago.af73@protonmail.com', 'email', 558),
('(15) 98808-5241', 'celular', 559),
('thiago_dadc346@bol.com.br', 'email', 559),
('(83) 98034-1283', 'celular', 560),
('thiago.g58@live.com.br', 'email', 560),
('(84) 3424-4596', 'telefone', 561),
('(73) 98832-2291', 'celular', 561),
('thiago-mii49@live.com', 'email', 561),
('(66) 3645-2486', 'telefone', 562),
('(14) 3676-2311', 'telefone', 562),
('thiago-rg475@hotmail.com', 'email', 562),
('(98) 98150-2265', 'celular', 563),
('(67) 3633-2854', 'telefone', 563),
('(45) 3576-6228', 'telefone', 563),
('thiago_sodr616@bol.com.br', 'email', 563),
('(71) 98895-3239', 'celular', 564),
('(89) 99830-9059', 'celular', 564),
('(41) 3783-0522', 'telefone', 564),
('thiagosc662@yahoo.com', 'email', 564),
('(41) 3661-5059', 'telefone', 565),
('(16) 98408-8210', 'celular', 565),
('thiago_vom257@yahoo.com', 'email', 565),
('(81) 3565-0418', 'telefone', 566),
('(74) 3307-6248', 'telefone', 566),
('thuany_as511@live.com.br', 'email', 566),
('(14) 98047-7357', 'celular', 567),
('(93) 3539-1993', 'telefone', 567),
('tiago-ps523@hotmail.com', 'email', 567),
('(83) 99615-6132', 'celular', 568),
('(45) 3036-6597', 'telefone', 568),
('tiagopb557@r7.com', 'email', 568),
('(15) 98936-5980', 'celular', 569),
('(81) 3893-7703', 'telefone', 569),
('tiagots74@live.com.br', 'email', 569),
('(15) 99559-4468', 'celular', 570),
('valdir_mdr350@outlook.com', 'email', 570),
('(34) 99582-3938', 'celular', 571),
('valeria-gds260@gmail.com', 'email', 571),
('(35) 99270-3372', 'celular', 572),
('(55) 98975-6930', 'celular', 572),
('valeria_mdm47@icloud.com', 'email', 572),
('(99) 3120-8576', 'telefone', 573),
('(21) 3854-9926', 'telefone', 573),
('valeriarc136@hotmail.com', 'email', 573),
('(34) 3606-5347', 'telefone', 574),
('(32) 3277-7316', 'telefone', 574),
('valquiria_n262@r7.com', 'email', 574),
('(37) 99099-3292', 'celular', 575),
('(12) 3912-9447', 'telefone', 575),
('(21) 3791-0660', 'telefone', 575),
('vanderlei_dss26@hotmail.com', 'email', 575),
('(63) 3120-3278', 'telefone', 576),
('vanessa-bs665@fastmail.com', 'email', 576),
('(13) 99269-6189', 'celular', 577),
('(49) 98112-8391', 'celular', 577),
('(38) 99261-8171', 'celular', 577),
('vanessa.cr654@bol.com.br', 'email', 577),
('(17) 3237-8471', 'telefone', 578),
('(75) 99882-4117', 'celular', 578),
('vanessa-fm52@protonmail.com', 'email', 578),
('(66) 99255-5306', 'celular', 579),
('(51) 3688-2107', 'telefone', 579),
('(61) 3820-7629', 'telefone', 579),
('vanessa.gm56@fastmail.com', 'email', 579),
('(31) 3683-6454', 'telefone', 580),
('(91) 3722-0885', 'telefone', 580),
('(21) 3365-4123', 'telefone', 580),
('vanessata329@yahoo.com', 'email', 580),
('(81) 98668-6081', 'celular', 581),
('(19) 3770-3786', 'telefone', 581),
('vera_djds481@live.com', 'email', 581),
('(73) 99429-4114', 'celular', 582),
('(46) 3145-9283', 'telefone', 582),
('(41) 3975-8306', 'telefone', 582),
('vera_lpdl162@live.com', 'email', 582),
('(92) 3098-8245', 'telefone', 583),
('victor_hr443@live.com.br', 'email', 583),
('(81) 98918-5485', 'celular', 584),
('(38) 3901-9403', 'telefone', 584),
('victorldog625@gmail.com', 'email', 584),
('(95) 98291-5055', 'celular', 585),
('(28) 3323-8230', 'telefone', 585),
('victor-mds252@r7.com', 'email', 585),
('(93) 3650-2367', 'telefone', 586),
('(28) 98813-5729', 'celular', 586),
('victor.mp288@gmail.com', 'email', 586),
('(32) 99914-1132', 'celular', 587),
('(24) 3336-9591', 'telefone', 587),
('vilma_agdo604@r7.com', 'email', 587),
('(66) 99865-9945', 'celular', 588),
('(55) 99220-6863', 'celular', 588),
('(53) 99605-9042', 'celular', 588),
('vinicius.ba403@outlook.com', 'email', 588),
('(31) 98539-7083', 'celular', 589),
('(18) 3542-0931', 'telefone', 589),
('(43) 3574-8445', 'telefone', 589),
('viniciusfg156@protonmail.com', 'email', 589),
('(77) 3108-6817', 'telefone', 590),
('(43) 99333-4134', 'celular', 590),
('vitorcfa618@live.com.br', 'email', 590),
('(73) 3132-8019', 'telefone', 591),
('vitor-dro455@yahoo.com', 'email', 591),
('(33) 98045-3259', 'celular', 592),
('(27) 99252-3717', 'celular', 592),
('(27) 3186-1544', 'telefone', 592),
('vitor-hsn231@yahoo.com', 'email', 592),
('(27) 3754-3823', 'telefone', 593),
('(28) 99000-1826', 'celular', 593),
('vitor-mc415@live.com.br', 'email', 593),
('(48) 3816-6056', 'telefone', 594),
('vitor_mmp563@hushmail.com', 'email', 594),
('(94) 98628-3694', 'celular', 595),
('(99) 98551-6560', 'celular', 595),
('vittorvmdv58@bol.com.br', 'email', 595),
('(64) 3459-1232', 'telefone', 596),
('(87) 3202-1846', 'telefone', 596),
('(13) 3702-4684', 'telefone', 596),
('viviancs271@protonmail.com', 'email', 596),
('(46) 98640-1225', 'celular', 597),
('(28) 98007-3983', 'celular', 597),
('(43) 3134-6343', 'telefone', 597),
('vivian-cfp158@bol.com.br', 'email', 597),
('(49) 99018-8292', 'celular', 598),
('viviansr607@fastmail.com', 'email', 598),
('(45) 99563-3371', 'celular', 599),
('(34) 98651-6017', 'celular', 599),
('(46) 3473-9307', 'telefone', 599),
('vivianedms529@live.com', 'email', 599),
('(98) 98692-2210', 'celular', 600),
('(51) 3515-4435', 'telefone', 600),
('(38) 3253-5011', 'telefone', 600),
('vivianerdr197@protonmail.com', 'email', 600);

 INSERT INTO fisica (data_nasc, cpf, senha, fk_pessoa, genero, login) VALUES
('04/11/1981', '173.218.311-24', 'Dp209adGfz9l', 501, 'M', 'ricardo-omo116@protonmail.com'),
('04/01/1976', '332.003.368-97', 'eW7ziVf', 502, 'M', 'ricardosff552@live.com'),
('12/05/1951', '111.217.022-79', 'tgxaOXdY', 503, 'F', 'rita_dccmf445@yahoo.com'),
('21/02/1984', '758.224.100-22', 'EiwUQMhlK', 504, 'F', 'rita-dcmp342@r7.com'),
('24/09/1987', '368.877.949-50', 'QpDSPywqk', 505, 'F', 'roberta.mr567@yahoo.com'),
('08/06/2000', '419.022.669-60', '4oO6ZErLN', 506, 'M', 'robson-at659@hushmail.com'),
('01/03/2002', '883.371.021-10', 'f6nkHw30mm8K', 507, 'M', 'rodrigo.abc44@protonmail.com'),
('03/03/2000', '480.594.340-80', 'l3NfwbL', 508, 'M', 'rodrigo_c562@hushmail.com'),
('29/10/1968', '340.675.529-12', 'tUMhtfItt', 509, 'M', 'rodrigodbo325@hotmail.com'),
('16/08/1999', '516.657.198-34', '70HEBP27', 510, 'M', 'rodrigoddfp294@outlook.com'),
('12/04/1992', '200.062.312-33', '71Sjdh3hiZmu', 511, 'M', 'rogerio-cp429@protonmail.com'),
('02/01/1982', '811.649.108-33', 'VUFWN7erqi', 512, 'M', 'rogerio_rm639@live.com'),
('11/08/1978', '720.633.701-50', 'tC6ePs49LWFc', 513, 'M', 'rogerio.s523@hushmail.com'),
('04/04/1968', '901.231.647-29', '5mOTFFgW', 514, 'M', 'rogerio-tl43@yahoo.com'),
('02/01/1986', '594.281.039-77', 'vYfQrMGu', 515, 'M', 'rosaldoh590@protonmail.com'),
('20/09/1961', '708.925.414-31', '1LI9s6R9', 516, 'F', 'rosana-r42@live.com'),
('08/01/1973', '187.724.973-43', 'bNrE1dt', 517, 'F', 'roseli.rm288@live.com'),
('21/11/1971', '862.619.326-20', 'LWVeds', 518, 'F', 'rosilda-djra659@hushmail.com'),
('08/09/1956', '026.872.208-09', 'rdBy6lB', 519, 'M', 'ruda-pda218@yahoo.com'),
('26/07/2001', '259.438.098-99', '9DiEHQvbzU', 520, 'F', 'samila-cl52@yahoo.com'),
('25/06/1971', '458.419.601-05', '3zpBXxjJQ', 521, 'M', 'samir_gb35@yahoo.com'),
('11/12/1968', '390.051.807-65', 'Xu5uPQyHpR3', 522, 'F', 'samira-rs490@hotmail.com'),
('28/11/1961', '146.784.733-00', 'TN3RRWVzo9z', 523, 'F', 'sandra_ads539@yahoo.com'),
('06/05/1985', '068.197.158-46', 'yZ6APD', 524, 'M', 'sandro_mp643@bol.com.br'),
('08/12/1999', '044.246.529-71', '8RiSCE', 525, 'F', 'sara_cdo627@hushmail.com'),
('17/04/1963', '487.362.295-63', '5en5mDmcbN', 526, 'F', 'sarah_gr264@r7.com'),
('29/04/1956', '830.938.321-52', 'tivK9kbJpL', 527, 'M', 'sergio-dmc528@fastmail.com'),
('21/11/1955', '036.136.816-09', 'mRLqjFszPB56', 528, 'M', 'shamir-ivd305@live.com'),
('19/11/1983', '813.308.089-40', 'Iz3WoU', 529, 'F', 'sharon.ht641@yahoo.com'),
('26/10/1953', '127.075.924-80', 'nalmX1lye6', 530, 'F', 'sheila-mdso456@bol.com.br'),
('06/11/1950', '022.428.861-00', 'H8i5nn', 531, 'F', 'sherre.pn226@live.com'),
('25/08/1952', '645.737.305-40', 'FxNPG9cWBSI', 532, 'M', 'silas_am411@fastmail.com'),
('10/11/1953', '918.369.634-24', '4QBE7Jw', 533, 'F', 'silmara.ap10@outlook.com'),
('27/03/1952', '033.747.728-03', 'aNlnsf8fnKGY', 534, 'F', 'silvana_ddm619@hushmail.com'),
('01/02/1999', '004.548.071-04', 'nXz7x1G', 535, 'F', 'silvana.gg281@fastmail.com'),
('30/10/2001', '845.451.556-93', 'GOGppN', 536, 'F', 'silvania-msm124@icloud.com'),
('20/10/1975', '270.731.378-51', 'gNNRnmyHtE', 537, 'F', 'silviards561@yahoo.com'),
('30/10/1999', '989.164.553-32', 'wRWyXHjgLN', 538, 'M', 'silvio-mn512@hotmail.com'),
('08/06/1967', '543.688.640-00', 'h0xv7jC8TrRN', 539, 'F', 'simone_dlp451@icloud.com'),
('06/10/1983', '102.788.984-08', 'ekWATve9tKv', 540, 'F', 'simone-lh645@yahoo.com'),
('11/04/1956', '516.145.015-05', '6yW1by', 541, 'F', 'simonemg175@hushmail.com'),
('12/12/1988', '331.157.865-14', 'B1CU8J6UXM', 542, 'F', 'solange.s579@gmail.com'),
('20/08/1959', '710.302.147-35', 'MogFSjW', 543, 'F', 'suelen.li255@gmail.com'),
('17/04/1993', '609.039.206-54', 'hwHDDuctHdko', 544, 'F', 'sumaya.drj40@yahoo.com'),
('22/03/2001', '451.386.752-30', 'qF3cGRO', 545, 'F', 'sylviasf440@gmail.com'),
('07/05/1972', '459.051.965-83', 'W7ktQSAQvlL', 546, 'F', 'sylviane_mt201@hotmail.com'),
('14/05/1998', '937.996.001-83', 'C0I52D', 547, 'M', 'tadeu.fcd260@live.com.br'),
('21/08/1999', '232.885.355-21', 'G1MkKS9', 548, 'F', 'talitabb95@bol.com.br'),
('14/10/1993', '738.066.355-01', 'yauUn7T', 549, 'F', 'tamirys.crp27@outlook.com'),
('20/09/1994', '210.709.420-90', 'ghUzGgTJAbjF', 550, 'F', 'tania_cda301@live.com'),
('17/03/1977', '760.846.892-05', 'fTm3ndygKp', 551, 'F', 'tatiana.ldsm205@gmail.com'),
('06/05/1986', '174.145.878-19', 'Ijy2l8c', 552, 'F', 'tatiana.mlds595@outlook.com'),
('19/12/1957', '891.600.565-50', 'kyKoBhzT2', 553, 'F', 'tatiane-ma553@protonmail.com'),
('18/09/1976', '866.225.502-71', 'AfmHqkvWwMg0', 554, 'F', 'tatiane.mo269@live.com'),
('18/01/1998', '119.923.216-55', 'T3eTTcE', 555, 'F', 'thatiana_cm351@yahoo.com'),
('18/11/1987', '896.725.808-94', 'eF43qNj4a6', 556, 'F', 'thayrans402@outlook.com'),
('07/12/1985', '939.804.883-30', 'wQxnfw1uCCbY', 557, 'M', 'thenysondm170@hushmail.com'),
('09/12/1998', '852.617.037-60', 'joEVCMeGJh', 558, 'M', 'thiago.af73@protonmail.com'),
('21/06/1971', '617.702.751-26', 'Ba5g5BYr', 559, 'M', 'thiago_dadc346@bol.com.br'),
('09/06/1996', '503.941.778-00', 't25AuD7Eskg7', 560, 'M', 'thiago.g58@live.com.br'),
('04/03/1967', '310.347.615-95', 'HDxCDdj', 561, 'M', 'thiago-mii49@live.com'),
('11/07/1968', '134.529.344-54', 'BP3zIBvqxRl', 562, 'M', 'thiago-rg475@hotmail.com'),
('26/10/1959', '137.289.051-35', 'c0mcXO33', 563, 'M', 'thiago_sodr616@bol.com.br'),
('12/09/2001', '402.967.070-90', '6KbJ0EqTcQRC', 564, 'M', 'thiagosc662@yahoo.com'),
('25/06/1961', '736.730.719-39', 'B3uCQmASXt', 565, 'M', 'thiago_vom257@yahoo.com'),
('30/09/1986', '589.651.190-65', 'Iwr7x7iNaJt', 566, 'F', 'thuany_as511@live.com.br'),
('02/07/1954', '825.904.992-99', 'YLdJ8m5MrCv', 567, 'M', 'tiago-ps523@hotmail.com'),
('15/09/2001', '112.115.504-94', '8FwFBgUNt5', 568, 'M', 'tiagopb557@r7.com'),
('16/02/1976', '812.401.882-00', 'TJJUG06KzK', 569, 'M', 'tiagots74@live.com.br'),
('19/12/1987', '477.918.844-02', 'hLC9ZREDZR', 570, 'M', 'valdir_mdr350@outlook.com'),
('21/04/1977', '688.073.513-40', 'N3Lc5FehPQ', 571, 'F', 'valeria-gds260@gmail.com'),
('12/01/1966', '154.130.358-02', 'Qn5d0BBCgKD', 572, 'F', 'valeria_mdm47@icloud.com'),
('06/05/1981', '013.122.709-26', 'qMatQMjFPKxi', 573, 'F', 'valeriarc136@hotmail.com'),
('28/11/2001', '133.725.778-84', 'U4wvWGxk', 574, 'F', 'valquiria_n262@r7.com'),
('25/05/1983', '563.922.207-71', 'DpdWi7ht', 575, 'M', 'vanderlei_dss26@hotmail.com'),
('27/12/1952', '530.285.423-66', 'e4RXnTrA7ExL', 576, 'F', 'vanessa-bs665@fastmail.com'),
('25/11/1969', '431.701.822-50', 'a2LdabAs', 577, 'F', 'vanessa.cr654@bol.com.br'),
('12/02/1975', '169.156.062-62', 'lrZPiPHTkIz', 578, 'F', 'vanessa-fm52@protonmail.com'),
('11/02/1961', '149.763.837-25', '3T4FueNqC13S', 579, 'F', 'vanessa.gm56@fastmail.com'),
('27/08/1974', '783.563.282-92', 'yBjaw4gk5n3y', 580, 'F', 'vanessata329@yahoo.com'),
('08/08/1974', '009.616.881-14', 'nHgkZYMZFM', 581, 'F', 'vera_djds481@live.com'),
('11/10/2001', '819.232.404-47', 'LGZfHDhR', 582, 'F', 'vera_lpdl162@live.com'),
('22/11/1954', '299.668.207-60', 'IoXsbMNGXKRD', 583, 'M', 'victor_hr443@live.com.br'),
('20/10/1997', '470.092.176-53', 'i1vnLGxgO', 584, 'M', 'victorldog625@gmail.com'),
('19/08/1999', '644.374.539-64', 'ZYoIQK', 585, 'M', 'victor-mds252@r7.com'),
('26/06/1980', '314.284.488-02', 'ng78c9e', 586, 'M', 'victor.mp288@gmail.com'),
('04/12/1982', '967.369.154-14', '8zglMGwx6', 587, 'F', 'vilma_agdo604@r7.com'),
('24/09/1994', '381.733.333-19', 'Pf0Cfy', 588, 'M', 'vinicius.ba403@outlook.com'),
('28/04/1984', '770.586.365-08', 'I2SVYHU', 589, 'M', 'viniciusfg156@protonmail.com'),
('02/05/1991', '793.338.070-04', 'cJc1UD', 590, 'M', 'vitorcfa618@live.com.br'),
('22/04/1974', '700.266.574-06', 'CRNS94YRA', 591, 'M', 'vitor-dro455@yahoo.com'),
('15/11/1956', '277.394.487-96', 'JCn5oMGyDK', 592, 'M', 'vitor-hsn231@yahoo.com'),
('26/06/2001', '667.953.847-56', '49gqleO', 593, 'M', 'vitor-mc415@live.com.br'),
('23/08/1984', '125.062.858-06', 'ydtTWR3SHK', 594, 'M', 'vitor_mmp563@hushmail.com'),
('15/12/1983', '296.567.582-50', 'JIk7SMPP5O', 595, 'M', 'vittorvmdv58@bol.com.br'),
('19/12/1993', '713.847.833-00', 'vxNbGABCmf', 596, 'F', 'viviancs271@protonmail.com'),
('19/03/1993', '670.724.612-72', 'W5lcnhjOAKp', 597, 'F', 'vivian-cfp158@bol.com.br'),
('13/05/2002', '834.596.974-74', '2ODCc0DTJ', 598, 'F', 'viviansr607@fastmail.com'),
('29/01/1952', '549.627.305-68', '8nA4nnIt', 599, 'F', 'vivianedms529@live.com'),
('06/09/1999', '105.552.898-93', 'BDHkbJ', 600, 'F', 'vivianerdr197@protonmail.com');

 INSERT INTO funcionario (fk_pessoa, cargo, setor) VALUES
(501, 'balconista frios e laticínios', 'VENDAS'),
(502, 'auxiliar de serviços gerais', 'LIMPEZA'),
(503, 'gerente', 'ADMINISTRATIVO'),
(504, 'repositor de estoque', 'ESTOQUE'),
(505, 'publicitário', 'ADMINISTRATIVO'),
(506, 'repositor de estoque', 'ESTOQUE'),
(507, 'balconista peixaria', 'VENDAS'),
(508, 'administrador de redes', 'TI'),
(509, 'balconista peixaria', 'VENDAS'),
(510, 'operador de caixa', 'ATENDIMENTO'),
(511, 'repositor de estoque', 'ESTOQUE'),
(512, 'operador de caixa', 'ATENDIMENTO'),
(513, 'empacotador', 'ATENDIMENTO'),
(514, 'técnico em informática', 'TI'),
(515, 'administrador de redes', 'TI'),
(516, 'auxiliar de serviços gerais', 'LIMPEZA'),
(517, 'auxiliar de serviços gerais', 'LIMPEZA'),
(518, 'repositor de estoque', 'ESTOQUE'),
(519, 'auxiliar de serviços gerais', 'LIMPEZA'),
(520, 'balconista frios e laticínios', 'VENDAS'),
(521, 'repositor de estoque', 'ESTOQUE'),
(522, 'operador de caixa', 'ATENDIMENTO'),
(523, 'empacotador', 'ATENDIMENTO'),
(524, 'repositor de estoque', 'ESTOQUE'),
(525, 'motoboy', 'ATENDIMENTO'),
(526, 'auxiliar de serviços gerais', 'LIMPEZA'),
(527, 'balconista peixaria', 'VENDAS'),
(528, 'auxiliar de serviços gerais', 'LIMPEZA'),
(529, 'auxiliar de serviços gerais', 'LIMPEZA'),
(530, 'técnico em informática', 'TI'),
(531, 'auxiliar de serviços gerais', 'LIMPEZA'),
(532, 'auxiliar de serviços gerais', 'LIMPEZA'),
(533, 'subgerente', 'ADMINISTRATIVO'),
(534, 'técnico em informática', 'TI'),
(535, 'açougue', 'VENDAS'),
(536, 'subgerente', 'ADMINISTRATIVO'),
(537, 'repositor de estoque', 'ESTOQUE'),
(538, 'administrador de redes', 'TI'),
(539, 'segurança', 'ATENDIMENTO'),
(540, 'fiscal de caixa', 'ATENDIMENTO'),
(541, 'repositor de estoque', 'ESTOQUE'),
(542, 'balconista padaria', 'VENDAS'),
(543, 'açougue', 'VENDAS'),
(544, 'publicitário', 'ADMINISTRATIVO'),
(545, 'gerente', 'ADMINISTRATIVO'),
(546, 'repositor de estoque', 'ESTOQUE'),
(547, 'subgerente', 'ADMINISTRATIVO'),
(548, 'subgerente', 'ADMINISTRATIVO'),
(549, 'auxiliar de serviços gerais', 'LIMPEZA'),
(550, 'motoboy', 'ATENDIMENTO'),
(551, 'balconista peixaria', 'VENDAS'),
(552, 'repositor de estoque', 'ESTOQUE'),
(553, 'operador de caixa', 'ATENDIMENTO'),
(554, 'técnico em suporte e manutenção', 'TI'),
(555, 'subgerente', 'ADMINISTRATIVO'),
(556, 'balconista frios e laticínios', 'VENDAS'),
(557, 'repositor de estoque', 'ESTOQUE'),
(558, 'balconista padaria', 'VENDAS'),
(559, 'balconista peixaria', 'VENDAS'),
(560, 'porteiro', 'ATENDIMENTO'),
(561, 'porteiro', 'ATENDIMENTO'),
(562, 'empacotador', 'ATENDIMENTO'),
(563, 'balconista', 'VENDAS'),
(564, 'subgerente', 'ADMINISTRATIVO'),
(565, 'repositor de estoque', 'ESTOQUE'),
(566, 'repositor de estoque', 'ESTOQUE'),
(567, 'balconista peixaria', 'VENDAS'),
(568, 'técnico em suporte e manutenção', 'TI'),
(569, 'técnico em suporte e manutenção', 'TI'),
(570, 'publicitário', 'ADMINISTRATIVO'),
(571, 'subgerente', 'ADMINISTRATIVO'),
(572, 'operador de caixa', 'ATENDIMENTO'),
(573, 'administrador de redes', 'TI'),
(574, 'fiscal de caixa', 'ATENDIMENTO'),
(575, 'técnico em recursos humanos', 'ADMINISTRATIVO'),
(576, 'empacotador', 'ATENDIMENTO'),
(577, 'repositor de estoque', 'ESTOQUE'),
(578, 'técnico em informática', 'TI'),
(579, 'repositor de estoque', 'ESTOQUE'),
(580, 'balconista peixaria', 'VENDAS'),
(581, 'técnico em recursos humanos', 'ADMINISTRATIVO'),
(582, 'balconista peixaria', 'VENDAS'),
(583, 'auxiliar de serviços gerais', 'LIMPEZA'),
(584, 'repositor de estoque', 'ESTOQUE'),
(585, 'fiscal de caixa', 'ATENDIMENTO'),
(586, 'fiscal de caixa', 'ATENDIMENTO'),
(587, 'repositor de estoque', 'ESTOQUE'),
(588, 'balconista peixaria', 'VENDAS'),
(589, 'técnico em suporte e manutenção', 'TI'),
(590, 'balconista padaria', 'VENDAS'),
(591, 'balconista frios e laticínios', 'VENDAS'),
(592, 'balconista frios e laticínios', 'VENDAS'),
(593, 'motoboy', 'ATENDIMENTO'),
(594, 'operador de caixa', 'ATENDIMENTO'),
(595, 'empacotador', 'ATENDIMENTO'),
(596, 'balconista padaria', 'VENDAS'),
(597, 'técnico em suporte e manutenção', 'TI'),
(598, 'técnico em suporte e manutenção', 'TI'),
(599, 'subgerente', 'ADMINISTRATIVO'),
(600, 'auxiliar de serviços gerais', 'LIMPEZA');
